linkname,coefficient,coefficient_from_ocr,p_value,significance_level,highway,latitude,longitude,road_name,name,Link ID,Number of lanes,Speed limit (mph),Average speed (mph),Average delay (spvpm),Reliability (spvpm),Average daily flow,Length (m),Total delay (vhd),Road number,Road class,Direction,Link location,Start Width,End Width,match_method
106020902,0.006915205,53046.0,0.0,***,A14,52.2376069639125,0.151454647693015,A14/1012A,MIDAS site at A14/1012A priority 1 on link 106020902; GPS Ref: 547006;262114; Eastbound,106020902,2.0,70.0,63.2352,5.581,2.0911999999999997,23727.6,852.24,37.190999999999995,A14,Rural all-purpose dual 2 lane carriageway,Eastbound,A14 eastbound within J33,,,exact_link_id
106021002,0.0011158547,-0.0028435,0.0,***,A14,52.2360943071142,0.12274871669494,A14/0992A,MIDAS site at A14/0992A priority 1 on link 106021002; GPS Ref: 545051;261888; Eastbound,106021002,3.0,70.0,62.772800000000004,5.9618,1.8306,23440.2,1831.02,39.263,A14,Rural all-purpose dual 3 or more lane carriageway,Eastbound,A14 eastbound between J32 and J33,,,exact_link_id
106021201,-0.004494557,-0.0025502,0.0,***,A14,52.2371069017877,0.152250629186234,A14/1013L,MIDAS site at A14/1013L priority 1 on link 106021201; GPS Ref: 547062;262060; Westbound,,2.2111716621253406,70.0,61.754241144414166,7.304957765667575,2.1724114441416895,24210.298365122617,2106.115,50.134013623978205,,,,,,,highway_mean
106025301,0.0057611354,70028.0,0.0,***,A11,52.2199686631229,0.314284680238227,A11/0900A,MIDAS site at A11/0900A priority 1 on link 106025301; GPS Ref: 558186;260495; Northbound,106025301,2.0,70.0,64.7902,4.474600000000001,2.0664000000000002,17290.6,5388.65,21.5754,A11,Rural all-purpose dual 2 lane carriageway,Northbound,A11 northbound between A1304 and A14,,,exact_link_id
106025302,0.005416103,96347.0,0.0,***,A14,52.218643840917,0.313059221719628,A14/1135A,MIDAS site at A14/1135A priority 1 on link 106025302; GPS Ref: 558107;260345; Eastbound,106025302,2.0,70.0,58.732600000000005,10.459,3.9246000000000003,21568.6,7387.5,59.0634,A14,Rural all-purpose dual 2 lane carriageway,Eastbound,A14 eastbound between J35 and J36,,,exact_link_id
106025401,0.0024472312,43898.0,0.0,***,A14,52.2215046047572,0.318039496838215,A14/1139L,MIDAS site at A14/1139L priority 1 on link 106025401; GPS Ref: 558437;260674; Westbound,106025401,3.0,70.0,62.5476,6.3888,1.6986,35609.6,7333.719999999999,64.3776,A14,Rural all-purpose dual 3 or more lane carriageway,Westbound,A14 westbound between J37 and J36,,,exact_link_id
106026501,0.003915763,42937.0,0.0,***,A11,52.2723856268814,0.449716074687819,A11/0024B,MIDAS site at A11/0024B priority 1 on link 106026501; GPS Ref: 567239;266628; Westbound,,2.0261096605744124,69.68668407310705,61.342772845953,8.864159268929503,2.3534099216710183,19161.164490861618,2243.8092167101827,45.34802349869452,,,,,,,highway_mean
106026502,0.0040609203,34951.0,0.0,***,A14,52.2707541780431,0.442956696709823,A14/1250B,MIDAS site at A14/1250B priority 1 on link 106026502; GPS Ref: 566784;266431; Westbound,106026502,2.0,70.0,60.0914,9.017199999999999,3.332,18119.0,6328.16,49.2834,A14,Rural all-purpose dual 2 lane carriageway,Westbound,A14 westbound between J39 and J38,,,exact_link_id
106026701,0.004421329,60822.0,0.0,***,A14,52.270489161479,0.441857434753601,A14/1250A,MIDAS site at A14/1250A priority 1 on link 106026701; GPS Ref: 566710;266399; Eastbound,106026701,3.0,70.0,58.49400000000001,10.218799999999998,2.002,35455.0,3622.31,99.7208,A14,Rural all-purpose dual 3 or more lane carriageway,Eastbound,A14 eastbound between J37 and J38,,,exact_link_id
106026901,0.0053883083,31829.0,0.0,***,A11,52.2896176920156,0.470742089479793,A11/0047B,MIDAS site at A11/0047B priority 1 on link 106026901; GPS Ref: 568608;268593; Southbound,106026901,2.0,70.0,67.256,2.3908,1.1758000000000002,20325.0,3167.27,13.8326,A11,Rural all-purpose dual 2 lane carriageway,Southbound,A11 southbound between B1085 near Red Lodge (north) and B1085 near Red Lodge (south),,,exact_link_id
106027201,0.0034374737,43378.0,0.0,***,A14,52.2672272614505,0.431286458035673,A14/1241B,MIDAS site at A14/1241B priority 1 on link 106027201; GPS Ref: 566001;266012; Westbound,106027201,3.0,70.0,57.485,13.36,3.4212000000000002,34810.4,2791.11,130.6936,A14,Rural all-purpose dual 3 or more lane carriageway,Westbound,A14 westbound between J38 and J37,,,exact_link_id
106031101,0.0076914015,107448.0,0.0,***,A14,52.2726399485266,0.448293537575915,A14/1254A,MIDAS site at A14/1254A priority 1 on link 106031101; GPS Ref: 567141;266653; Eastbound,106031101,2.0,70.0,64.6542,4.4232,1.4964,16671.8,5698.78,20.4774,A14,Rural all-purpose dual 2 lane carriageway,Eastbound,A14 eastbound between J38 and J39,,,exact_link_id
106063401,-0.0067610387,-0.0025144,0.0,***,A14,52.2373076622225,0.152582572192568,A14/1012B,MIDAS site at A14/1012B priority 1 on link 106063401; GPS Ref: 547084;262083; Westbound,106063401,2.0,70.0,58.540800000000004,10.083,2.1526,23123.4,857.8799999999999,64.99719999999999,A14,Rural all-purpose dual 2 lane carriageway,Westbound,A14 westbound within J33,,,exact_link_id
106063402,-0.0023448162,,,,A14,52.2377039755327,0.14760732153188,A14/1008M,MIDAS site at A14/1008M priority 1 on link 106063402; GPS Ref: 546743;262117; Westbound,,2.2111716621253406,70.0,61.754241144414166,7.304957765667575,2.1724114441416895,24210.298365122617,2106.115,50.134013623978205,,,,,,,highway_mean
106063501,0.0053518917,30379.0,0.0,***,A11,52.2850361360224,0.4662203184176,A11/0041B,MIDAS site at A11/0041B priority 1 on link 106063501; GPS Ref: 568317;268073; Southbound,106063501,2.0,70.0,65.0424,4.0202,1.5138,21752.8,1902.9299999999998,24.9674,A11,Rural all-purpose dual 2 lane carriageway,Southbound,A11 southbound between B1085 near Red Lodge (south) and A14/A1304,,,exact_link_id
124000101,0.008905827,8906.0,0.0,***,A1,52.3402709084354,-0.251275447455376,A1/2033A,MIDAS site at A1/2033A priority 1 on link 124000101; GPS Ref: 519233;272792; Northbound,124000101,3.0,70.0,65.6418,3.4592,1.111,33675.6,2563.2,32.3876,A1,Rural all-purpose dual 3 or more lane carriageway,Northbound,A1 northbound between A141 and A1(M)/B1043,,,exact_link_id
124000202,-0.006116732,46543.0,0.0,***,A1M,52.3599261252671,-0.254303525147301,A1M/2055M,MIDAS site at A1M/2055M priority 1 on link 124000202; GPS Ref: 518974;274973; Southbound,,2.618279569892473,70.0,65.05325806451613,4.539043010752688,1.7346397849462367,27270.68817204301,2373.9194623655917,38.41065053763441,,,,,,,highway_mean
124000205,0.009068681,107182.0,0.0,***,A1M,52.3608428449683,-0.254884233899909,A1M/2056B,MIDAS site at A1M/2056B priority 1 on link 124000205; GPS Ref: 518932;275074; Southbound,124000205,3.0,70.0,67.7704,2.2268,1.1948,28680.0,639.22,17.934800000000003,A1(M),"Motorway, dual 3 lanes",Southbound,A1(M) southbound between J14 and A1,,,exact_link_id
124000301,-0.004930825,-0.0007292,0.0,***,A1M,52.3599987898013,-0.254961532825965,A1M/2055J,MIDAS site at A1M/2055J priority 1 on link 124000301; GPS Ref: 518929;274980; Northbound,,2.618279569892473,70.0,65.05325806451613,4.539043010752688,1.7346397849462367,27270.68817204301,2373.9194623655917,38.41065053763441,,,,,,,highway_mean
126017201,0.00953903,125679.0,0.0,***,A1M,52.5271817227383,-0.311970078529595,A1M/2248A,MIDAS site at A1M/2248A priority 1 on link 126017201; GPS Ref: 514613;293482; Northbound,126017201,3.0,70.0,65.3056,3.9954,1.552,17345.6,649.11,19.2274,A1(M),"Motorway, dual 3 lanes",Northbound,A1(M) northbound within J17,,,exact_link_id
126046001,0.0057089906,2149.0,0.0,***,A1M,52.3710426943678,-0.252690256390412,A1M/2067B,MIDAS site at A1M/2067B priority 1 on link 126046001; GPS Ref: 519054;276212; Southbound,126046001,3.0,70.0,67.7444,2.2092,1.1434,29244.6,1841.3800000000003,18.1498,A1(M),"Motorway, dual 3 lanes",Southbound,A1(M) southbound between J14 and A1,,,exact_link_id
126046101,0.004364792,31431.0,0.0,***,A1M,52.5351577963853,-0.320275451712423,A1M/2259B,MIDAS site at A1M/2259B priority 1 on link 126046101; GPS Ref: 514029;294356; Southbound,126046101,2.0,70.0,66.5986,2.9939999999999998,1.1443999999999999,16251.6,373.42,13.871,A1(M),"Motorway, dual 2 lanes",Southbound,A1(M) southbound within J17,,,exact_link_id
199033002,0.005714836,61505.0,0.0,***,A1,52.348963130545,-0.251710728112798,A1/2043B,MIDAS site at A1/2043B priority 1 on link 199033002; GPS Ref: 519180;273758; Southbound,199033002,3.0,70.0,63.9024,4.9534,1.4862,32329.8,2546.23,42.992000000000004,A1,Rural all-purpose dual 3 or more lane carriageway,Southbound,A1 southbound between A1(M)/B1043 and A141,,,exact_link_id
199034401,0.0023005435,21328.0,0.0,***,A1M,52.5058732010669,-0.293793082716015,A1M/2223L,MIDAS site at A1M/2223L priority 1 on link 199034401; GPS Ref: 515902;291141; Southbound,,2.618279569892473,70.0,65.05325806451613,4.539043010752688,1.7346397849462367,27270.68817204301,2373.9194623655917,38.41065053763441,,,,,,,highway_mean
199034501,-0.001262372,-0.0026492,0.0,***,A1M,52.4995245090356,-0.29247717700388,A1M/2214J,MIDAS site at A1M/2214J priority 1 on link 199034501; GPS Ref: 516008;290437; Northbound,,2.618279569892473,70.0,65.05325806451613,4.539043010752688,1.7346397849462367,27270.68817204301,2373.9194623655917,38.41065053763441,,,,,,,highway_mean
199034803,0.0067517925,92567.0,0.0,***,A1M,52.5350175806797,-0.320531440110096,A1M/2259A,MIDAS site at A1M/2259A priority 1 on link 199034803; GPS Ref: 514012;294340; Northbound,199034803,2.0,70.0,65.27000000000001,4.0038,1.5644,17050.8,679.54,18.9156,A1(M),"Motorway, dual 2 lanes",Northbound,A1(M) northbound within J17,,,exact_link_id
199041401,-0.012714557,53792.0,0.0,***,M11,52.0969641327274,0.138927222688638,M11/6744J,MIDAS site at M11/6744J priority 1 on link 199041401; GPS Ref: 546612;246448; Northbound,,2.180722891566265,70.0,60.50203614457831,8.610837349397592,3.026078313253012,31166.66265060241,3604.7709638554215,76.94753012048193,,,,,,,highway_mean
199041501,-0.0049258354,-0.0041995,0.0,***,M11,52.1002899636053,0.13701294856001,M11/6748L,MIDAS site at M11/6748L priority 1 on link 199041501; GPS Ref: 546470;246814; Southbound,,2.180722891566265,70.0,60.50203614457831,8.610837349397592,3.026078313253012,31166.66265060241,3604.7709638554215,76.94753012048193,,,,,,,highway_mean
199041701,-0.008034236,-0.0060951,0.0,***,M11,52.2131400376897,0.077153756214634,M11/6885J,MIDAS site at M11/6885J priority 1 on link 199041701; GPS Ref: 542011;259245; Northbound,,2.180722891566265,70.0,60.50203614457831,8.610837349397592,3.026078313253012,31166.66265060241,3604.7709638554215,76.94753012048193,,,,,,,highway_mean
199042001,-0.016899768,21474.0,0.0,***,M11,52.1862763283505,0.074351034722018,M11/6855J,MIDAS site at M11/6855J priority 1 on link 199042001; GPS Ref: 541905;256252; Northbound,,2.180722891566265,70.0,60.50203614457831,8.610837349397592,3.026078313253012,31166.66265060241,3604.7709638554215,76.94753012048193,,,,,,,highway_mean
199042501,-0.0013330451,-0.0172144,0.0,***,M11,52.1616849788279,0.101674541976993,M11/6821L,MIDAS site at M11/6821L priority 1 on link 199042501; GPS Ref: 543852;253571; Southbound,,2.180722891566265,70.0,60.50203614457831,8.610837349397592,3.026078313253012,31166.66265060241,3604.7709638554215,76.94753012048193,,,,,,,highway_mean
199045301,-0.0037506816,19214.0,0.0,***,A1M,52.4461743451009,-0.275955742014231,A1M/2153L,MIDAS site at A1M/2153L priority 1 on link 199045301; GPS Ref: 517271;284530; Southbound,,2.618279569892473,70.0,65.05325806451613,4.539043010752688,1.7346397849462367,27270.68817204301,2373.9194623655917,38.41065053763441,,,,,,,highway_mean
199046401,-0.013592794,85476.0,0.0,***,A1M,52.427992233177,-0.270281521737101,A1M/2133J,MIDAS site at A1M/2133J priority 1 on link 199046401; GPS Ref: 517705;282517; Northbound,,2.618279569892473,70.0,65.05325806451613,4.539043010752688,1.7346397849462367,27270.68817204301,2373.9194623655917,38.41065053763441,,,,,,,highway_mean
199046501,-0.0047493633,42476.0,0.0,***,M11,52.1929724155824,0.075540694153952,M11/6863L,MIDAS site at M11/6863L priority 1 on link 199046501; GPS Ref: 541965;256999; Southbound,,2.180722891566265,70.0,60.50203614457831,8.610837349397592,3.026078313253012,31166.66265060241,3604.7709638554215,76.94753012048193,,,,,,,highway_mean
199046603,0.0036268302,16632.0,0.0,***,A1M,52.3710652268835,-0.25299785097795,A1M/2067A,MIDAS site at A1M/2067A priority 1 on link 199046603; GPS Ref: 519033;276214; Northbound,199046603,3.0,70.0,66.6664,2.7497999999999996,1.1246,31439.6,3030.75,24.055,A1(M),"Motorway, dual 3 lanes",Northbound,A1(M) northbound between A1 and J14,,,exact_link_id
199046801,0.0057890746,27555.0,0.0,***,A1M,52.4130856460549,-0.266041803791767,A1M/2115B,MIDAS site at A1M/2115B priority 1 on link 199046801; GPS Ref: 518033;280866; Southbound,199046801,4.0,70.0,66.5,2.9634,1.1878,35735.8,5607.83,29.913199999999996,A1(M),"Motorway, dual 4 or more lanes",Southbound,A1(M) southbound between J15 and J14,,,exact_link_id
199047001,-0.0062044817,88053.0,0.0,***,A1M,52.4300396349521,-0.271334011951076,A1M/2135K,MIDAS site at A1M/2135K priority 1 on link 199047001; GPS Ref: 517628;282743; Northbound,,2.618279569892473,70.0,65.05325806451613,4.539043010752688,1.7346397849462367,27270.68817204301,2373.9194623655917,38.41065053763441,,,,,,,highway_mean
199047002,0.0058790934,54455.0,0.0,***,A1M,52.4300830180553,-0.270611554668042,A1M/2134A,MIDAS site at A1M/2134A priority 1 on link 199047002; GPS Ref: 517677;282749; Northbound,199047002,4.0,70.0,66.2994,3.2963999999999998,1.226,35278.4,730.96,33.0364,A1(M),"Motorway, dual 4 or more lanes",Northbound,A1(M) northbound within J15,,,exact_link_id
199047101,-0.013091717,80674.0,0.0,***,A1M,52.4324763176004,-0.270723835514689,A1M/2137M,MIDAS site at A1M/2137M priority 1 on link 199047101; GPS Ref: 517663;283015; Southbound,,2.618279569892473,70.0,65.05325806451613,4.539043010752688,1.7346397849462367,27270.68817204301,2373.9194623655917,38.41065053763441,,,,,,,highway_mean
199047102,0.0067368317,66946.0,0.0,***,A1M,52.4396236320538,-0.273754402311597,A1M/2145B,MIDAS site at A1M/2145B priority 1 on link 199047102; GPS Ref: 517438;283805; Southbound,199047102,4.0,70.0,65.3942,4.096,1.3376000000000001,33457.2,2035.05,39.9934,A1(M),"Motorway, dual 4 or more lanes",Southbound,A1(M) southbound within J15,,,exact_link_id
199047201,0.006035026,37414.0,0.0,***,A1M,52.4129549465969,-0.266326300248012,A1M/2115A,MIDAS site at A1M/2115A priority 1 on link 199047201; GPS Ref: 518014;280851; Northbound,199047201,4.0,70.0,66.9312,2.6818,1.17,37324.0,4533.94,28.1068,A1(M),"Motorway, dual 4 or more lanes",Northbound,A1(M) northbound between J14 and J15,,,exact_link_id
199047401,-0.0012492051,292.0,0.0,***,A1M,52.5046448016902,-0.294651019955787,A1M/2221K,MIDAS site at A1M/2221K priority 1 on link 199047401; GPS Ref: 515847;291003; Northbound,,2.618279569892473,70.0,65.05325806451613,4.539043010752688,1.7346397849462367,27270.68817204301,2373.9194623655917,38.41065053763441,,,,,,,highway_mean
199047402,0.0051697725,59656.0,0.0,***,A1M,52.5048198532225,-0.294320092218289,A1M/2220A,MIDAS site at A1M/2220A priority 1 on link 199047402; GPS Ref: 515869;291023; Northbound,199047402,3.0,70.0,66.577,2.8446000000000002,1.3202,34221.2,1184.92,27.088599999999996,A1(M),"Motorway, dual 3 lanes",Northbound,A1(M) northbound within J16,,,exact_link_id
199047501,0.00036672477,73195.0,0.0,***,A1M,52.5004997376906,-0.292144742074072,A1M/2215M,MIDAS site at A1M/2215M priority 1 on link 199047501; GPS Ref: 516028;290546; Southbound,,2.618279569892473,70.0,65.05325806451613,4.539043010752688,1.7346397849462367,27270.68817204301,2373.9194623655917,38.41065053763441,,,,,,,highway_mean
199047502,0.0065658577,5805.0,0.0,***,A1M,52.5039692200737,-0.293940458710802,A1M/2219B,MIDAS site at A1M/2219B priority 1 on link 199047502; GPS Ref: 515897;290929; Southbound,199047502,3.0,70.0,67.08959999999999,2.5100000000000002,1.0348,32975.0,1198.87,23.190800000000003,A1(M),"Motorway, dual 3 lanes",Southbound,A1(M) southbound within J16,,,exact_link_id
199047601,0.005630478,63877.0,0.0,***,A1M,52.4827140472484,-0.286456716641162,A1M/2194A,MIDAS site at A1M/2194A priority 1 on link 199047601; GPS Ref: 516461;288577; Northbound,199047601,4.0,70.0,67.09880000000001,2.5642,1.1481999999999999,38006.4,7483.3,27.187400000000004,A1(M),"Motorway, dual 4 or more lanes",Northbound,A1(M) northbound between J15 and J16,,,exact_link_id
199047701,0.004170386,11345.0,0.0,***,A1M,52.5119428099963,-0.295709619220688,A1M/2228B,MIDAS site at A1M/2228B priority 1 on link 199047701; GPS Ref: 515756;291813; Southbound,199047701,3.0,70.0,65.8764,3.3838,1.1966,36551.4,2828.15,35.0012,A1(M),"Motorway, dual 3 lanes",Southbound,A1(M) southbound between J17 and J16,,,exact_link_id
199047801,-0.00048922497,19546.0,0.0,***,A1M,52.5278392571785,-0.313315906057805,A1M/2248J,MIDAS site at A1M/2248J priority 1 on link 199047801; GPS Ref: 514520;293553; Northbound,,2.618279569892473,70.0,65.05325806451613,4.539043010752688,1.7346397849462367,27270.68817204301,2373.9194623655917,38.41065053763441,,,,,,,highway_mean
199047902,-0.004218836,-0.001287,0.0,***,A1M,52.5332581665292,-0.317561246552985,A1M/2255M,MIDAS site at A1M/2255M priority 1 on link 199047902; GPS Ref: 514218;294149; Southbound,,2.618279569892473,70.0,65.05325806451613,4.539043010752688,1.7346397849462367,27270.68817204301,2373.9194623655917,38.41065053763441,,,,,,,highway_mean
199047903,0.0052933805,32247.0,0.0,***,A1M,52.5320699225478,-0.316825169140253,A1M/2254B,MIDAS site at A1M/2254B priority 1 on link 199047903; GPS Ref: 514271;294018; Southbound,199047903,3.0,70.0,66.5022,3.1082,1.1884000000000001,16432.6,439.2900000000001,14.553,A1(M),"Motorway, dual 3 lanes",Southbound,A1(M) southbound within J17,,,exact_link_id
199048001,0.004287445,25011.0,0.0,***,A1M,52.5124829541319,-0.296381359189763,A1M/2229A,MIDAS site at A1M/2229A priority 1 on link 199048001; GPS Ref: 515709;291872; Northbound,199048001,3.0,70.0,63.8048,5.0476,1.595,38450.4,2414.24,54.092600000000004,A1(M),"Motorway, dual 3 lanes",Northbound,A1(M) northbound between J16 and J17,,,exact_link_id
199049001,-0.0020526457,39025.0,0.0,***,M11,52.100070647644,0.13621399632645,M11/6748K,MIDAS site at M11/6748K priority 1 on link 199049001; GPS Ref: 546416;246788; Northbound,,2.180722891566265,70.0,60.50203614457831,8.610837349397592,3.026078313253012,31166.66265060241,3604.7709638554215,76.94753012048193,,,,,,,highway_mean
199049002,0.004849336,25275.0,0.0,***,M11,52.0997347857627,0.136884202727594,M11/6747A,MIDAS site at M11/6747A priority 1 on link 199049002; GPS Ref: 546463;246752; Northbound,199049002,2.0,70.0,64.6976,4.4666,1.77,20509.0,669.63,25.6846,M11,"Motorway, dual 2 lanes",Northbound,M11 northbound within J10,,,exact_link_id
199049101,0.004828042,37003.0,0.0,***,M11,52.0631332145305,0.18268199031154,M11/6694A,MIDAS site at M11/6694A priority 1 on link 199049101; GPS Ref: 549722;242775; Northbound,199049101,2.0,70.0,64.15,4.87,1.5695999999999999,21961.0,5740.11,29.6928,M11,"Motorway, dual 2 lanes",Northbound,M11 northbound between J9 and J10,,,exact_link_id
199049201,-0.0014848827,9364.0,0.0,***,M11,52.0967915449038,0.140013982047619,M11/6743M,MIDAS site at M11/6743M priority 1 on link 199049201; GPS Ref: 546687;246431; Southbound,,2.180722891566265,70.0,60.50203614457831,8.610837349397592,3.026078313253012,31166.66265060241,3604.7709638554215,76.94753012048193,,,,,,,highway_mean
199049202,0.006399294,8657.0,0.0,***,M11,52.0966414592497,0.13986079703828,M11/6743B,MIDAS site at M11/6743B priority 1 on link 199049202; GPS Ref: 546677;246414; Southbound,199049202,2.0,70.0,63.3226,5.6808,2.3072000000000004,20397.6,670.56,34.0856,M11,"Motorway, dual 2 lanes",Southbound,M11 southbound within J10,,,exact_link_id
199049401,-0.010206068,33596.0,0.0,***,M11,52.2132354571306,0.078373193092179,M11/6885M,MIDAS site at M11/6885M priority 1 on link 199049401; GPS Ref: 542094;259258; Southbound,,2.180722891566265,70.0,60.50203614457831,8.610837349397592,3.026078313253012,31166.66265060241,3604.7709638554215,76.94753012048193,,,,,,,highway_mean
199049402,-0.0067961183,-0.0176752,0.0,***,M11,52.2140106996856,0.078262977686945,M11/6886B,MIDAS site at M11/6886B priority 1 on link 199049402; GPS Ref: 542084;259344; Southbound,199049402,2.0,70.0,53.340999999999994,17.0476,5.9662,31500.4,1894.3,160.33960000000002,M11,"Motorway, dual 2 lanes",Southbound,M11 southbound between J14 and J13,,,exact_link_id
199049601,-0.0050837593,-0.0021764,0.0,***,M11,52.1897703307761,0.074060158947256,M11/6859K,MIDAS site at M11/6859K priority 1 on link 199049601; GPS Ref: 541874;256640; Northbound,,2.180722891566265,70.0,60.50203614457831,8.610837349397592,3.026078313253012,31166.66265060241,3604.7709638554215,76.94753012048193,,,,,,,highway_mean
199049602,-0.00247637,-0.009018,0.0,***,M11,52.1881307485229,0.074744592650251,M11/6857A,MIDAS site at M11/6857A priority 1 on link 199049602; GPS Ref: 541926;256459; Northbound,199049602,2.0,70.0,54.802,14.888,5.192,32242.0,783.06,136.1426,M11,"Motorway, dual 2 lanes",Northbound,M11 northbound within J12,,,exact_link_id
199049701,-0.0065054805,-0.00076,0.0,***,M11,52.1885047462736,0.07546424747642,M11/6857M,MIDAS site at M11/6857M priority 1 on link 199049701; GPS Ref: 541974;256502; Southbound,,2.180722891566265,70.0,60.50203614457831,8.610837349397592,3.026078313253012,31166.66265060241,3604.7709638554215,76.94753012048193,,,,,,,highway_mean
199049702,0.0024656947,431.0,0.009,**,M11,52.1925722493472,0.074263752565802,M11/6862B,MIDAS site at M11/6862B priority 1 on link 199049702; GPS Ref: 541879;256952; Southbound,199049702,2.0,70.0,60.31379999999999,8.4726,2.5352,30754.0,1049.46,75.73580000000001,M11,"Motorway, dual 2 lanes",Southbound,M11 southbound within J12,,,exact_link_id
199050001,-0.0026189177,51346.0,74982.0,,M11,52.1612641246808,0.101069879018308,M11/6821K,MIDAS site at M11/6821K priority 1 on link 199050001; GPS Ref: 543812;253523; Northbound,,2.180722891566265,70.0,60.50203614457831,8.610837349397592,3.026078313253012,31166.66265060241,3604.7709638554215,76.94753012048193,,,,,,,highway_mean
199050002,-0.0009257148,-0.0109174,0.0,***,M11,52.1602613444543,0.10334738647082,M11/6820A,MIDAS site at M11/6820A priority 1 on link 199050002; GPS Ref: 543971;253416; Northbound,199050002,2.0,70.0,55.26559999999999,14.5508,6.459999999999999,24860.0,882.54,104.16159999999999,M11,"Motorway, dual 2 lanes",Northbound,M11 northbound within J11,,,exact_link_id
199050202,0.004333413,22356.0,0.0,***,M11,52.1603393405277,0.10351189126541,M11/6820B,MIDAS site at M11/6820B priority 1 on link 199050202; GPS Ref: 543982;253425; Southbound,199050202,2.0,70.0,63.2144,5.6652000000000005,1.6984000000000001,25176.4,801.34,39.889599999999994,M11,"Motorway, dual 2 lanes",Southbound,M11 southbound within J11,,,exact_link_id
199050301,0.003416718,6424.0,0.0,***,M11,52.2140502444668,0.078059881194657,M11/6886A,MIDAS site at M11/6886A priority 1 on link 199050301; GPS Ref: 542070;259348; Northbound,199050301,2.0,70.0,61.9618,6.739,1.6010000000000002,31507.4,1927.53,59.3278,M11,"Motorway, dual 2 lanes",Northbound,M11 northbound between J13 and J14,,,exact_link_id
199050901,0.0038056332,55607.0,0.0,***,M11,52.0632293416424,0.182832573471455,M11/6694B,MIDAS site at M11/6694B priority 1 on link 199050901; GPS Ref: 549732;242786; Southbound,199050901,2.0,70.0,55.275800000000004,14.480799999999999,7.0872,21705.0,5326.49,93.87480000000001,M11,"Motorway, dual 2 lanes",Southbound,M11 southbound between J10 and J9,,,exact_link_id
199051201,0.0019215432,57478.0,0.0,***,M11,52.0634426776545,0.183937186136245,M11/6693J,MIDAS site at M11/6693J priority 1 on link 199051201; GPS Ref: 549807;242812; Northbound,199051201,2.0,70.0,62.1764,6.537999999999999,1.8028,16136.4,1986.06,28.5952,M11,"Motorway, dual 2 lanes",Northbound,link road from M11 J9 northbound to A11 northbound,,,exact_link_id
199136901,0.00987014,59803.0,0.0,***,A14,52.2347690510538,0.108391474297524,A14/0982A,MIDAS site at A14/0982A priority 1 on link 199136901; GPS Ref: 544075;261712; Eastbound,199136901,3.0,70.0,66.0788,3.3985999999999996,1.481,28440.0,719.03,27.5254,A14,Rural all-purpose dual 3 or more lane carriageway,Eastbound,A14 eastbound within J32,,,exact_link_id
199136902,-0.0041659125,33255.0,0.0,***,A14,52.2356018184331,0.11562200153604,A14/0987K,MIDAS site at A14/0987K priority 1 on link 199136902; GPS Ref: 544566;261819; Eastbound,,2.2111716621253406,70.0,61.754241144414166,7.304957765667575,2.1724114441416895,24210.298365122617,2106.115,50.134013623978205,,,,,,,highway_mean
199137001,0.010032159,80904.0,0.0,***,A14,52.2347668878574,0.109519074038162,A14/0982B,MIDAS site at A14/0982B priority 1 on link 199137001; GPS Ref: 544152;261714; Westbound,199137001,3.0,70.0,63.79200000000001,5.1228,1.5934,27412.0,726.85,38.7672,A14,Rural all-purpose dual 3 or more lane carriageway,Westbound,A14 westbound within J32,,,exact_link_id
199137002,-0.007667371,50673.0,0.0,***,A14,52.2345703499478,0.108440642146589,A14/0982M,MIDAS site at A14/0982M priority 1 on link 199137002; GPS Ref: 544079;261690; Westbound,,2.2111716621253406,70.0,61.754241144414166,7.304957765667575,2.1724114441416895,24210.298365122617,2106.115,50.134013623978205,,,,,,,highway_mean
199137201,0.0074316612,6347.0,59855.0,,A14,52.2360983623192,0.124023105170627,A14/0992B,MIDAS site at A14/0992B priority 1 on link 199137201; GPS Ref: 545138;261891; Westbound,199137201,3.0,70.0,61.388999999999996,7.2372,1.5428000000000002,33453.4,1825.6300000000003,67.3822,A14,Rural all-purpose dual 3 or more lane carriageway,Westbound,A14 westbound between J33 and J32,,,exact_link_id
199137301,-0.0043926747,-0.0032935,0.0,***,A14,52.234795385712,0.107924063843137,A14/0982J,MIDAS site at A14/0982J priority 1 on link 199137301; GPS Ref: 544043;261714; Eastbound,,2.2111716621253406,70.0,61.754241144414166,7.304957765667575,2.1724114441416895,24210.298365122617,2106.115,50.134013623978205,,,,,,,highway_mean
199137501,-0.0048439833,-0.0033872,0.0,***,A14,52.2349182822016,0.114124942230568,A14/0987L,MIDAS site at A14/0987L priority 1 on link 199137501; GPS Ref: 544466;261740; Westbound,,2.2111716621253406,70.0,61.754241144414166,7.304957765667575,2.1724114441416895,24210.298365122617,2106.115,50.134013623978205,,,,,,,highway_mean
200129666,0.009759943,122978.0,0.0,***,A14,52.3098834332834,-0.242424150230521,A14/0714B,MIDAS site at A14/0714B priority 1 on link 200129666; GPS Ref: 519918;269427; Westbound,200129666,2.0,70.0,63.52720000000001,5.289,1.5562,16363.8,2869.24,24.2892,A14,Rural all-purpose dual 2 lane carriageway,Westbound,A14 westbound between J22 and J21,,,exact_link_id
200129667,0.0077342605,79607.0,0.0,***,A1,52.3258809061254,-0.247997923784017,A1/2018B,MIDAS site at A1/2018B priority 1 on link 200129667; GPS Ref: 519495;271197; Southbound,200129667,3.0,70.0,62.221399999999996,6.466799999999999,1.7484000000000002,19073.6,1515.94,35.1404,A1,Rural all-purpose dual 3 or more lane carriageway,Southbound,A1 southbound between A141 and A14 J22,,,exact_link_id
200129668,0.01260401,140525.0,0.0,***,A1,52.3110582852538,-0.244035326938371,A1/2001B,MIDAS site at A1/2001B priority 1 on link 200129668; GPS Ref: 519805;269555; Southbound,200129668,2.0,70.0,55.6038,13.413599999999999,1.9178000000000002,18975.4,1233.85,71.3606,A1,Rural all-purpose dual 2 lane carriageway,Southbound,A1 southbound between A14 J22 and B1514,,,exact_link_id
200129669,0.0040031387,46871.0,0.0,***,A14,52.3085376396792,-0.240203733183709,A14/0716K,MIDAS site at A14/0716K priority 1 on link 200129669; GPS Ref: 520073;269281; Southbound,,2.2111716621253406,70.0,61.754241144414166,7.304957765667575,2.1724114441416895,24210.298365122617,2106.115,50.134013623978205,,,,,,,highway_mean
200129681,0.005259998,25681.0,0.0,***,A1,52.3285684329467,-0.247935814608361,A1/2021B,MIDAS site at A1/2021B priority 1 on link 200129681; GPS Ref: 519492;271496; Southbound,200129681,3.0,70.0,63.8248,5.0628,1.8218,26235.8,924.6299999999999,37.794799999999995,A1,Rural all-purpose dual 3 or more lane carriageway,Southbound,A1 southbound within the A141 junction,,,exact_link_id
200129688,0.0024025629,26638.0,0.0,***,A1,52.3223014383264,-0.24733221166704,A1/2014A,MIDAS site at A1/2014A priority 1 on link 200129688; GPS Ref: 519550;270800; Northbound,200129688,3.0,70.0,63.8654,4.961399999999999,1.3454000000000002,39186.0,1419.22,54.12819999999999,A1,Rural all-purpose dual 3 or more lane carriageway,Northbound,A1 northbound between A14 J22 and A141,,,exact_link_id
200129689,-8.472894e-05,-0.0081779,0.0,***,A1,52.3285839459692,-0.248375470156311,A1/2021J,MIDAS site at A1/2021J priority 1 on link 200129689; GPS Ref: 519462;271497; Northbound,,2.0552016985138004,65.85987261146497,56.40501486199575,11.176462845010615,3.2159511677282375,21661.256900212313,1624.5886836518048,67.2545923566879,,,,,,,highway_mean
200129692,0.010687761,108676.0,0.0,***,A1,52.335040267491,-0.249617624179468,A1/2027A,MIDAS site at A1/2027A priority 1 on link 200129692; GPS Ref: 519360;272213; Northbound,200129692,3.0,70.0,66.74080000000001,2.652,0.9822,29603.4,936.5800000000002,21.849600000000002,A1,Rural all-purpose dual 3 or more lane carriageway,Northbound,A1 northbound within the A141 junction,,,exact_link_id
200129693,-0.005651263,46875.0,0.0,***,A1,52.3350351950751,-0.249882023716816,A1/2027K,MIDAS site at A1/2027K priority 1 on link 200129693; GPS Ref: 519342;272212; Northbound,,2.0552016985138004,65.85987261146497,56.40501486199575,11.176462845010615,3.2159511677282375,21661.256900212313,1624.5886836518048,67.2545923566879,,,,,,,highway_mean
200129695,-0.006687747,-0.0030426,0.0,***,A1,52.3351041104904,-0.249072027172671,A1/2027L,MIDAS site at A1/2027L priority 1 on link 200129695; GPS Ref: 519397;272221; Southbound,,2.0552016985138004,65.85987261146497,56.40501486199575,11.176462845010615,3.2159511677282375,21661.256900212313,1624.5886836518048,67.2545923566879,,,,,,,highway_mean
200129696,-0.0010992731,-0.0017981,0.0,***,A14,52.2753098374378,-0.014240802545428,A14/0877K,MIDAS site at A14/0877K priority 1 on link 200129696; GPS Ref: 535578;265984; Eastbound,,2.2111716621253406,70.0,61.754241144414166,7.304957765667575,2.1724114441416895,24210.298365122617,2106.115,50.134013623978205,,,,,,,highway_mean
200129697,0.012006823,131016.0,0.0,***,A14,52.2754610995573,-0.018426524941175,A14/0874B,MIDAS site at A14/0874B priority 1 on link 200129697; GPS Ref: 535292;265993; Westbound,200129697,3.0,70.0,64.4612,4.5084,1.4148,29108.0,1061.72,36.5426,A14,Rural all-purpose dual 3 or more lane carriageway,Westbound,A14 westbound within J24B,,,exact_link_id
200129698,0.00021050581,-0.0015938,0.0,***,A14,52.2741550766025,-0.017224123830814,A14/0876L,MIDAS site at A14/0876L priority 1 on link 200129698; GPS Ref: 535378;265850; Westbound,,2.2111716621253406,70.0,61.754241144414166,7.304957765667575,2.1724114441416895,24210.298365122617,2106.115,50.134013623978205,,,,,,,highway_mean
200129699,0.0067382758,64372.0,0.0,***,A14,52.2701598770447,-0.006380158256694,A14/0885B,MIDAS site at A14/0885B priority 1 on link 200129699; GPS Ref: 536130;265426; Westbound,200129699,3.0,70.0,62.4236,6.2646,1.2996,34249.8,753.29,58.42719999999999,A14,Rural all-purpose dual 3 or more lane carriageway,Westbound,A14 westbound within J24A Cambridge Services,,,exact_link_id
200129700,-0.0030042387,-0.0014687,0.0,***,A14,52.2709311772845,-0.008925252649187,A14/0883L,MIDAS site at A14/0883L priority 1 on link 200129700; GPS Ref: 535954;265507; Westbound,,2.2111716621253406,70.0,61.754241144414166,7.304957765667575,2.1724114441416895,24210.298365122617,2106.115,50.134013623978205,,,,,,,highway_mean
200129704,0.017584192,196212.0,0.0,***,A14,52.292612439175,-0.152367970776958,A14/0779B,MIDAS site at A14/0779B priority 1 on link 200129704; GPS Ref: 526106;267659; Westbound,200129704,3.0,70.0,62.080200000000005,6.7096,2.5705999999999998,31414.0,941.7,59.7644,A14,Rural all-purpose dual 3 or more lane carriageway,Westbound,A14 westbound between J24B and J23,,,exact_link_id
200129705,0.00072876463,55674.0,0.0,***,A14,52.292571767866,-0.153792061212683,A14/0778M,MIDAS site at A14/0778M priority 1 on link 200129705; GPS Ref: 526009;267652; Westbound,,2.2111716621253406,70.0,61.754241144414166,7.304957765667575,2.1724114441416895,24210.298365122617,2106.115,50.134013623978205,,,,,,,highway_mean
200129707,-0.004169501,60007.0,0.0,***,A14,52.2769727884493,-0.022243863000382,A14/0870M,MIDAS site at A14/0870M priority 1 on link 200129707; GPS Ref: 535027;266154; Westbound,,2.2111716621253406,70.0,61.754241144414166,7.304957765667575,2.1724114441416895,24210.298365122617,2106.115,50.134013623978205,,,,,,,highway_mean
200129708,-0.003541363,20026.0,0.0,***,A14,52.2763975954463,-0.020114556872594,A14/0871J,MIDAS site at A14/0871J priority 1 on link 200129708; GPS Ref: 535174;266094; Eastbound,,2.2111716621253406,70.0,61.754241144414166,7.304957765667575,2.1724114441416895,24210.298365122617,2106.115,50.134013623978205,,,,,,,highway_mean
200129709,0.007766029,74893.0,0.0,***,A14,52.2749874939964,-0.016996419899309,A14/0875A,MIDAS site at A14/0875A priority 1 on link 200129709; GPS Ref: 535391;265943; Eastbound,200129709,3.0,70.0,61.4812,7.2518,2.9732,32921.0,940.6299999999999,67.806,A14,Rural all-purpose dual 3 or more lane carriageway,Eastbound,A14 eastbound within J24B,,,exact_link_id
200129714,0.005608731,61747.0,0.0,***,A14,52.3004119631801,-0.222955477650726,A14/0731A,MIDAS site at A14/0731A priority 1 on link 200129714; GPS Ref: 521271;268406; Eastbound,200129714,3.0,70.0,63.4994,5.2956,1.4866,36439.6,5654.06,54.0674,A14,Rural all-purpose dual 3 or more lane carriageway,Eastbound,A14 eastbound between J22 and J23,,,exact_link_id
200129715,0.0018523554,20332.0,0.0,***,A14,52.2930619238042,-0.155238097233256,A14/0777J,MIDAS site at A14/0777J priority 1 on link 200129715; GPS Ref: 525909;267704; Eastbound,,2.2111716621253406,70.0,61.754241144414166,7.304957765667575,2.1724114441416895,24210.298365122617,2106.115,50.134013623978205,,,,,,,highway_mean
200129716,0.0021653764,11033.0,1370.0,,A14,52.2927511216561,-0.152611491460684,A14/0779A,MIDAS site at A14/0779A priority 1 on link 200129716; GPS Ref: 526089;267674; Eastbound,200129716,3.0,70.0,64.9006,4.115,1.2746,32972.2,767.33,38.0582,A14,Rural all-purpose dual 3 or more lane carriageway,Eastbound,A14 eastbound between J23 and J24B,,,exact_link_id
200129718,0.0085555725,98679.0,0.0,***,A14,52.2993238223498,-0.211031560784791,A14/0739B,MIDAS site at A14/0739B priority 1 on link 200129718; GPS Ref: 522087;268305; Westbound,200129718,3.0,70.0,61.0216,7.686200000000001,2.1802,33355.2,5912.64,73.47080000000001,A14,Rural all-purpose dual 3 or more lane carriageway,Westbound,A14 westbound between J23 and J22,,,exact_link_id
200129719,0.0077045965,54717.0,0.0,***,A14,52.3310892308491,-0.25543863967092,A14/0688A,MIDAS site at A14/0688A priority 1 on link 200129719; GPS Ref: 518974;271764; Eastbound,200129719,2.0,70.0,64.6836,4.3842,1.3821999999999999,16189.4,636.92,20.019,A14,Rural all-purpose dual 2 lane carriageway,Eastbound,A14 eastbound between J21 and J22,,,exact_link_id
200129720,-0.003539401,-0.0039098,0.0,***,A14,52.3323353539313,-0.2606732833487,A14/0685J,MIDAS site at A14/0685J priority 1 on link 200129720; GPS Ref: 518614;271894; Eastbound,,2.2111716621253406,70.0,61.754241144414166,7.304957765667575,2.1724114441416895,24210.298365122617,2106.115,50.134013623978205,,,,,,,highway_mean
200129722,0.0059652273,69654.0,0.0,***,A14,52.32608156044,-0.246977440279355,A14/0696A,MIDAS site at A14/0696A priority 1 on link 200129722; GPS Ref: 519564;271221; Eastbound,200129722,2.0,70.0,64.045,4.87,1.6496,16624.6,3174.79,22.8072,A14,Rural all-purpose dual 2 lane carriageway,Eastbound,A14 eastbound between J21 and J22,,,exact_link_id
200129723,0.007744542,83298.0,0.0,***,A14,52.2925229459861,-0.135229377297352,A14/0791A,MIDAS site at A14/0791A priority 1 on link 200129723; GPS Ref: 527275;267679; Eastbound,200129723,3.0,70.0,64.0558,4.823,1.5066000000000002,32617.6,8937.18,44.113600000000005,A14,Rural all-purpose dual 3 or more lane carriageway,Eastbound,A14 eastbound between J23 and J24B,,,exact_link_id
200129724,0.007505059,8931.0,0.0,***,A14,52.2922550838731,-0.105399018733326,A14/0811B,MIDAS site at A14/0811B priority 1 on link 200129724; GPS Ref: 529310;267702; Westbound,200129724,3.0,70.0,63.29299999999999,5.4967999999999995,1.7608000000000001,31930.6,8516.99,49.126599999999996,A14,Rural all-purpose dual 3 or more lane carriageway,Westbound,A14 westbound between J24B and J23,,,exact_link_id
200129725,0.0011048386,13105.0,0.0,***,A14,52.3098214812603,-0.244304288870118,A14/0713L,MIDAS site at A14/0713L priority 1 on link 200129725; GPS Ref: 519790;269417; Westbound,,2.2111716621253406,70.0,61.754241144414166,7.304957765667575,2.1724114441416895,24210.298365122617,2106.115,50.134013623978205,,,,,,,highway_mean
200129726,0.01044119,106408.0,0.0,***,A1,52.3135445329124,-0.244347753209843,A1/2004A,MIDAS site at A1/2004A priority 1 on link 200129726; GPS Ref: 519777;269831; Northbound,200129726,2.0,70.0,61.9314,6.7036,1.5126,19795.0,1157.33,36.8564,A1,Rural all-purpose dual 2 lane carriageway,Northbound,A1 northbound between B1514 and A14 J22,,,exact_link_id
200129728,-0.0028037154,61023.0,0.0,***,A14,52.3318950250358,-0.260690549677067,A14/0685M,MIDAS site at A14/0685M priority 1 on link 200129728; GPS Ref: 518614;271845; Westbound,,2.2111716621253406,70.0,61.754241144414166,7.304957765667575,2.1724114441416895,24210.298365122617,2106.115,50.134013623978205,,,,,,,highway_mean
200129730,0.01007498,188211.0,0.0,***,A14,52.3309467506752,-0.255532301380337,A14/0688B,MIDAS site at A14/0688B priority 1 on link 200129730; GPS Ref: 518968;271748; Westbound,200129730,2.0,70.0,63.230999999999995,5.5984,1.9292000000000002,16127.2,628.27,25.1384,A14,Rural all-purpose dual 2 lane carriageway,Westbound,A14 westbound between J22 and J21,,,exact_link_id
200129745,0.0031326078,-0.0004614,0.002,**,A14M,52.3773555916449,-0.252749679902147,A14M/7192A,MIDAS site at A14M/7192A priority 1 on link 200129745; GPS Ref: 519033;276914; Northbound,200129745,2.0,70.0,65.0316,4.0058,1.153,6071.8,1569.8,6.673399999999999,A1(M),Rural all-purpose dual 2 lane carriageway,Northbound,A1(M) J14 northbound access,,,exact_link_id
200129746,-0.008435702,16395.0,0.0,***,A14M,52.372096790321,-0.243129456335622,A14M/7182L,MIDAS site at A14M/7182L priority 1 on link 200129746; GPS Ref: 519702;276345; Southbound,,,,,,,,,,,,,,,,no_match
200129747,-0.01510249,10439.0,0.0,***,A14M,52.3696035746011,-0.240540219587526,A14M/7180M,MIDAS site at A14M/7180M priority 1 on link 200129747; GPS Ref: 519885;276072; Eastbound,,,,,,,,,,,,,,,,no_match
200129826,0.008282704,35814.0,0.0,***,A14M,52.3695158985022,-0.240690595877356,A14M/7180B,MIDAS site at A14M/7180B priority 1 on link 200129826; GPS Ref: 519875;276062; Southbound,200129826,2.0,70.0,68.6288,1.5806,0.8654,5441.0,506.91999999999996,2.411,A1(M),Rural all-purpose dual 2 lane carriageway,Southbound,A1(M) southbound within the B1043 junction,,,exact_link_id
200129827,-0.0041659405,-0.0027012,0.0,***,A14M,52.369685300412,-0.241197993283198,A14M/7181J,MIDAS site at A14M/7181J priority 1 on link 200129827; GPS Ref: 519840;276080; Westbound,,,,,,,,,,,,,,,,no_match
200129835,-0.023294296,51684.0,0.0,***,A14M,52.3734335571566,-0.245955778808266,A14M/7184K,MIDAS site at A14M/7184K priority 1 on link 200129835; GPS Ref: 519506;276489; Northbound,,,,,,,,,,,,,,,,no_match
200129836,0.0051369527,-0.0011402,0.0,***,A14M,52.3694830138565,-0.240897552190953,A14M/7180A,MIDAS site at A14M/7180A priority 1 on link 200129836; GPS Ref: 519861;276058; Northbound,200129836,2.0,70.0,67.6888,1.9296,0.7516,5023.8,751.31,2.6990000000000003,A1(M),Rural all-purpose dual 2 lane carriageway,Northbound,A1(M) northbound within the B1043 junction,,,exact_link_id
200129956,0.004066583,-3.02e-05,0.828,,A14M,52.3774785759361,-0.252553832605383,A14M/7192B,MIDAS site at A14M/7192B priority 1 on link 200129956; GPS Ref: 519046;276928; Southbound,200129956,2.0,70.0,65.5894,3.5002000000000004,1.0148,6287.2,1185.92,6.0454,A1(M),Rural all-purpose dual 2 lane carriageway,Southbound,A1(M) J14 southbound exit,,,exact_link_id
200130046,0.0026414772,622.0,3366.0,,A14,52.2655706846253,0.004434872569861,A14/0895A,MIDAS site at A14/0895A priority 1 on link 200130046; GPS Ref: 536882;264936; Eastbound,200130046,3.0,70.0,61.3578,7.3616,2.4898,41778.8,2212.54,86.9816,A14,Rural all-purpose dual 3 or more lane carriageway,Eastbound,A14 eastbound between J24B and J25,,,exact_link_id
200130047,-0.003648089,-0.0061513,0.0,***,A14,52.2578856461351,0.023752583930703,A14/0902J,MIDAS site at A14/0902J priority 1 on link 200130047; GPS Ref: 538224;264118; Eastbound,,2.2111716621253406,70.0,61.754241144414166,7.304957765667575,2.1724114441416895,24210.298365122617,2106.115,50.134013623978205,,,,,,,highway_mean
200130048,0.0045733443,6898.0,0.0,***,A14,52.2597534278358,0.018650252056794,A14/0903A,MIDAS site at A14/0903A priority 1 on link 200130048; GPS Ref: 537870;264316; Eastbound,200130048,3.0,70.0,61.7178,7.004,2.463,39985.8,916.6699999999998,79.24159999999999,A14,Rural all-purpose dual 3 or more lane carriageway,Eastbound,A14 eastbound within J25,,,exact_link_id
200130049,-0.0016547078,-0.0028643,0.0,***,A14,52.257389103713,0.024916856709195,A14/0909K,MIDAS site at A14/0909K priority 1 on link 200130049; GPS Ref: 538305;264065; Eastbound,,2.2111716621253406,70.0,61.754241144414166,7.304957765667575,2.1724114441416895,24210.298365122617,2106.115,50.134013623978205,,,,,,,highway_mean
200130073,-0.0039109974,-0.007246,0.0,***,A14,52.2535427789077,0.032111403079136,A14/0920A,MIDAS site at A14/0920A priority 1 on link 200130073; GPS Ref: 538808;263651; Eastbound,200130073,4.0,70.0,59.9822,8.7186,2.468,36457.8,2591.5,88.9446,A14,Rural all-purpose dual 3 or more lane carriageway,Eastbound,A14 eastbound between J25 and J31,,,exact_link_id
200130074,0.009139215,97965.0,0.0,***,A14,52.2550038643217,0.028720305846619,A14/0915B,MIDAS site at A14/0915B priority 1 on link 200130074; GPS Ref: 538572;263807; Westbound,200130074,4.0,70.0,62.443000000000005,6.2484,1.4642,36956.4,2499.67,64.7004,A14,Rural all-purpose dual 3 or more lane carriageway,Westbound,A14 westbound between J31 and J25,,,exact_link_id
200130081,0.0064168987,7631.0,0.0,***,A14,52.2636964907838,0.008365774662138,A14/0899B,MIDAS site at A14/0899B priority 1 on link 200130081; GPS Ref: 537156;264735; Westbound,200130081,3.0,70.0,62.79880000000001,5.9266000000000005,1.266,40712.0,1550.81,68.8078,A14,Rural all-purpose dual 3 or more lane carriageway,Westbound,A14 westbound between J25 and J24A,,,exact_link_id
200130082,0.008280196,6107.0,0.0,***,A14,52.2559268259782,0.026813663353355,A14/0907B,MIDAS site at A14/0907B priority 1 on link 200130082; GPS Ref: 538439;263906; Westbound,200130082,3.0,70.0,63.5474,5.2654000000000005,1.4166,37569.6,993.64,54.625,A14,Rural all-purpose dual 3 or more lane carriageway,Westbound,A14 westbound within J25,,,exact_link_id
200130084,-0.004508296,94383.0,0.0,***,A14,52.2572605180876,0.022976832848155,A14/0904M,MIDAS site at A14/0904M priority 1 on link 200130084; GPS Ref: 538173;264047; Westbound,,2.2111716621253406,70.0,61.754241144414166,7.304957765667575,2.1724114441416895,24210.298365122617,2106.115,50.134013623978205,,,,,,,highway_mean
200130111,-0.0026793266,-0.0018523,0.0,***,A14,52.2557191673483,0.026862804840701,A14/0908L,MIDAS site at A14/0908L priority 1 on link 200130111; GPS Ref: 538443;263883; Westbound,,2.2111716621253406,70.0,61.754241144414166,7.304957765667575,2.1724114441416895,24210.298365122617,2106.115,50.134013623978205,,,,,,,highway_mean
200130120,1.7611543e-05,6025324.0,0.0,***,A14,52.2312689035099,0.074528931155337,A14/0955L,MIDAS site at A14/0955L priority 1 on link 200130120; GPS Ref: 541774;261256; Westbound,200130120,2.0,70.0,65.3976,3.815,1.4484,8897.8,3463.0,9.4222,A428,Rural all-purpose dual 2 lane carriageway,Westbound,A428 westbound between M11/A14 and A1303,,,exact_link_id
200130182,-0.00052926986,811.0,0.0,***,A14,52.2313325675583,0.07448796607867,A14/0955B,MIDAS site at A14/0955B priority 1 on link 200130182; GPS Ref: 541771;261263; Westbound,,2.2111716621253406,70.0,61.754241144414166,7.304957765667575,2.1724114441416895,24210.298365122617,2106.115,50.134013623978205,,,,,,,highway_mean
200130188,-0.0046358733,39502.0,0.0,***,A14,52.2374915064282,0.06220856537296,A14/0941M,MIDAS site at A14/0941M priority 1 on link 200130188; GPS Ref: 540913;261924; Westbound,,2.2111716621253406,70.0,61.754241144414166,7.304957765667575,2.1724114441416895,24210.298365122617,2106.115,50.134013623978205,,,,,,,highway_mean
200130223,0.00590217,-0.0010735,0.0,***,A14,52.233843427326,0.098271691440873,A14/0975A,MIDAS site at A14/0975A priority 1 on link 200130223; GPS Ref: 543387;261589; Eastbound,200130223,3.0,70.0,63.03339999999999,5.7646,1.4848000000000001,21326.0,1678.33,34.2294,A14,Rural all-purpose dual 3 or more lane carriageway,Eastbound,A14 eastbound between J31 and J32,,,exact_link_id
200130224,0.008418748,74091.0,0.0,***,A14,52.2338323707193,0.099398853006328,A14/0975B,MIDAS site at A14/0975B priority 1 on link 200130224; GPS Ref: 543464;261590; Westbound,200130224,3.0,70.0,62.2616,6.4248,1.52,35820.2,1709.4900000000002,64.69120000000001,A14,Rural all-purpose dual 3 or more lane carriageway,Westbound,A14 westbound between J32 and J31,,,exact_link_id
200130235,0.0037644817,47005.0,0.0,***,M11,52.2294340480105,0.07199789011987,M11/6904A,MIDAS site at M11/6904A priority 1 on link 200130235; GPS Ref: 541607;261047; Northbound,200130235,2.0,70.0,61.8002,6.8668000000000005,1.4948000000000001,26526.0,398.02,50.4958,M11,"Motorway, dual 2 lanes",Northbound,M11 northbound within J14,,,exact_link_id
200130238,-0.00022233384,-0.0087664,0.0,***,M11,52.2295939730883,0.072107842868144,M11/6904B,MIDAS site at M11/6904B priority 1 on link 200130238; GPS Ref: 541614;261065; Southbound,200130238,2.0,70.0,52.980399999999996,17.553,6.7816,25655.4,1243.01,130.2396,M11,"Motorway, dual 2 lanes",Southbound,M11 southbound within J14 (after access to A1307),,,exact_link_id
200130239,0.00607721,,,,M11,52.238104291154,0.062647077082034,M11/6916B,MIDAS site at M11/6916B priority 1 on link 200130239; GPS Ref: 540941;261993; Southbound,200130239,2.0,70.0,57.96320000000001,11.185599999999999,3.8202,27228.2,523.18,90.27079999999998,M11,"Motorway, dual 2 lanes",Southbound,M11 southbound within J14 (before access to A1307),,,exact_link_id
200130251,-0.0016595098,-0.0025361,0.0,***,M11,52.2373730029274,0.063843458627658,M11/6914L,MIDAS site at M11/6914L priority 1 on link 200130251; GPS Ref: 541025;261914; Eastbound,,2.180722891566265,70.0,60.50203614457831,8.610837349397592,3.026078313253012,31166.66265060241,3604.7709638554215,76.94753012048193,,,,,,,highway_mean
200130252,0.01281388,262424.0,0.0,***,M11,52.2296653271711,0.07265298651919,M11/6904M,MIDAS site at M11/6904M priority 1 on link 200130252; GPS Ref: 541651;261074; Southbound,,2.180722891566265,70.0,60.50203614457831,8.610837349397592,3.026078313253012,31166.66265060241,3604.7709638554215,76.94753012048193,,,,,,,highway_mean
200130256,0.009212859,104882.0,0.0,***,A14,52.2323090288472,0.082353755721494,A14/0963B,MIDAS site at A14/0963B priority 1 on link 200130256; GPS Ref: 542305;261387; Westbound,200130256,3.0,70.0,62.267999999999994,6.402200000000001,1.2534,22535.2,383.07,40.8368,A14,Rural all-purpose dual 3 or more lane carriageway,Westbound,A14 westbound within J31 (before A428 westbound),,,exact_link_id
200130259,0.0033567974,1571.0,0.0,***,A14,52.2395250162211,0.060589140852841,A14/0945A,MIDAS site at A14/0945A priority 1 on link 200130259; GPS Ref: 540796;262147; Eastbound,,2.2111716621253406,70.0,61.754241144414166,7.304957765667575,2.1724114441416895,24210.298365122617,2106.115,50.134013623978205,,,,,,,highway_mean
200130379,-0.0045163487,44601.0,0.0,***,M11,52.2294176201829,0.07190926283111,M11/6904J,MIDAS site at M11/6904J priority 1 on link 200130379; GPS Ref: 541601;261045; Northbound,,2.180722891566265,70.0,60.50203614457831,8.610837349397592,3.026078313253012,31166.66265060241,3604.7709638554215,76.94753012048193,,,,,,,highway_mean
200130924,-0.002875525,-0.0018719,0.0,***,A14,52.2381108908201,0.14550322720136,A14/1007J,MIDAS site at A14/1007J priority 1 on link 200130924; GPS Ref: 546598;262158; Eastbound,,2.2111716621253406,70.0,61.754241144414166,7.304957765667575,2.1724114441416895,24210.298365122617,2106.115,50.134013623978205,,,,,,,highway_mean
A1 northbound between A47 and B1081 near Stamford (south),0.0021093932,,,,A1,52.6034407158026,-0.42681090683493,A1/6504/1,TMU Site 6504/1 on link A1 northbound between A47 and B1081 near Stamford (south); GPS Ref: 506638;301788; Northbound,,2.0552016985138004,65.85987261146497,56.40501486199575,11.176462845010615,3.2159511677282375,21661.256900212313,1624.5886836518048,67.2545923566879,,,,,,,highway_mean
A1 northbound between B1041 and B661,-0.00024338195,,,,A1,52.2588357713055,-0.263461520456668,A1/9933/1,TMU Site 9933/1 on A1 northbound between B1041 and B661; GPS Ref: 518620;263715; Northbound,,2.0552016985138004,65.85987261146497,56.40501486199575,11.176462845010615,3.2159511677282375,21661.256900212313,1624.5886836518048,67.2545923566879,,,,,,,highway_mean
A1 northbound between B1081 near Stamford (south) and A43,0.0007717862,,,,A1,52.6345618811409,-0.47740187429315,A1/6505/1,TMU Site 6505/1 on link A1 northbound between B1081 near Stamford (south) and A43; GPS Ref: 503139;305176; Northbound,,2.0552016985138004,65.85987261146497,56.40501486199575,11.176462845010615,3.2159511677282375,21661.256900212313,1624.5886836518048,67.2545923566879,,,,,,,highway_mean
A1 northbound between B645/B1048 and B1041,0.0064983764,,,,A1,52.2403515137248,-0.280191684738581,A1/6816/1,TMU Site 6816/1 on link A1 northbound between B645/B1048 and B1041; GPS Ref: 517527;261632; Northbound,,2.0552016985138004,65.85987261146497,56.40501486199575,11.176462845010615,3.2159511677282375,21661.256900212313,1624.5886836518048,67.2545923566879,,,,,,,highway_mean
A1 northbound exit for A47,-0.025788255,,,,A1,52.5858467160328,-0.415424959799212,A1/6502/1,TMU Site 6502/1 on link A1 northbound exit for A47; GPS Ref: 507452;299848; Northbound,,2.0552016985138004,65.85987261146497,56.40501486199575,11.176462845010615,3.2159511677282375,21661.256900212313,1624.5886836518048,67.2545923566879,,,,,,,highway_mean
A1 northbound exit for A605,-0.024282102,,,,A1,52.5464062723508,-0.333710007002149,A1/6782/1,TMU Site 6782/1 on link A1 northbound exit for A605; GPS Ref: 513089;295586; Northbound,,2.0552016985138004,65.85987261146497,56.40501486199575,11.176462845010615,3.2159511677282375,21661.256900212313,1624.5886836518048,67.2545923566879,,,,,,,highway_mean
A1 northbound exit for A6118,-0.022849064,,,,A1,52.5780172090519,-0.410836873022187,A1/6501/1,TMU Site 6501/1 on link A1 northbound exit for A6118; GPS Ref: 507782;298984; Northbound,,2.0552016985138004,65.85987261146497,56.40501486199575,11.176462845010615,3.2159511677282375,21661.256900212313,1624.5886836518048,67.2545923566879,,,,,,,highway_mean
A1 northbound within the A47 junction,-0.00016493496,,,,A1,52.5861648972587,-0.415014929696076,A1/6502/2,TMU Site 6502/2 on link A1 northbound within the A47 junction; GPS Ref: 507479;299884; Northbound,,2.0552016985138004,65.85987261146497,56.40501486199575,11.176462845010615,3.2159511677282375,21661.256900212313,1624.5886836518048,67.2545923566879,,,,,,,highway_mean
A1 northbound within the A605 junction,0.0043809908,,,,A1,52.5466827575239,-0.333552079251728,A1/6782/2,TMU Site 6782/2 on link A1 northbound within the A605 junction; GPS Ref: 513099;295617; Northbound,,2.0552016985138004,65.85987261146497,56.40501486199575,11.176462845010615,3.2159511677282375,21661.256900212313,1624.5886836518048,67.2545923566879,,,,,,,highway_mean
A1 northbound within the A6118 junction,0.0007454162,,,,A1,52.5781867631105,-0.410742190562509,A1/6501/2,TMU Site 6501/2 on link A1 northbound within the A6118 junction; GPS Ref: 507788;299003; Northbound,,2.0552016985138004,65.85987261146497,56.40501486199575,11.176462845010615,3.2159511677282375,21661.256900212313,1624.5886836518048,67.2545923566879,,,,,,,highway_mean
A1 southbound between A43 and B1081 near Stamford (south),-0.0014836695,,,,A1,52.6387987480907,-0.490925279784949,A1/6506/2,TMU Site 6506/2 on link A1 southbound between A43 and B1081 near Stamford (south); GPS Ref: 502214;305628; Southbound,,2.0552016985138004,65.85987261146497,56.40501486199575,11.176462845010615,3.2159511677282375,21661.256900212313,1624.5886836518048,67.2545923566879,,,,,,,highway_mean
A1 southbound between B1041 and B645/B1048,0.0030268987,,,,A1,52.2391695431151,-0.281145427567746,A1/6815/1,TMU Site 6815/1 on link A1 southbound between B1041 and B645/B1048; GPS Ref: 517465;261499; Southbound,,2.0552016985138004,65.85987261146497,56.40501486199575,11.176462845010615,3.2159511677282375,21661.256900212313,1624.5886836518048,67.2545923566879,,,,,,,highway_mean
A1 southbound between B661 and B1041,0.0018240932,,,,A1,52.2587946563735,-0.26311146342941,A1/9933/2,TMU Site 9933/2 on A1 southbound between B661 and B1041; GPS Ref: 518644;263711; Southbound,,2.0552016985138004,65.85987261146497,56.40501486199575,11.176462845010615,3.2159511677282375,21661.256900212313,1624.5886836518048,67.2545923566879,,,,,,,highway_mean
A1 southbound exit for A1(M)/A605/A1139,-0.00572243,,,,A1,52.5358747862467,-0.320749460070192,A1/6783/1,TMU Site 6783/1 on link A1 southbound exit for A1(M)/A605/A1139; GPS Ref: 513995;294435; Southbound,,2.0552016985138004,65.85987261146497,56.40501486199575,11.176462845010615,3.2159511677282375,21661.256900212313,1624.5886836518048,67.2545923566879,,,,,,,highway_mean
A1 southbound exit for A43,-0.007908472,,,,A1,52.6389155767986,-0.490921261017337,A1/6506/1,TMU Site 6506/1 on link A1 southbound exit for A43; GPS Ref: 502214;305641; Southbound,,2.0552016985138004,65.85987261146497,56.40501486199575,11.176462845010615,3.2159511677282375,21661.256900212313,1624.5886836518048,67.2545923566879,,,,,,,highway_mean
A1 southbound exit for A47,-0.022290016,,,,A1,52.5860327705355,-0.414547336273992,A1/6503/1,TMU Site 6503/1 on link A1 southbound exit for A47; GPS Ref: 507511;299870; Southbound,,2.0552016985138004,65.85987261146497,56.40501486199575,11.176462845010615,3.2159511677282375,21661.256900212313,1624.5886836518048,67.2545923566879,,,,,,,highway_mean
A1 southbound exit for A605,-0.041294422,,,,A1,52.5474776643939,-0.333817001427411,A1/6781/1,TMU Site 6781/1 on link A1 southbound exit for A605; GPS Ref: 513079;295705; Southbound,,2.0552016985138004,65.85987261146497,56.40501486199575,11.176462845010615,3.2159511677282375,21661.256900212313,1624.5886836518048,67.2545923566879,,,,,,,highway_mean
A1 southbound within the A47 junction,0.001180611,,,,A1,52.5859542621935,-0.414727303795606,A1/6503/2,TMU Site 6503/2 on link A1 southbound within the A47 junction; GPS Ref: 507499;299861; Southbound,,2.0552016985138004,65.85987261146497,56.40501486199575,11.176462845010615,3.2159511677282375,21661.256900212313,1624.5886836518048,67.2545923566879,,,,,,,highway_mean
A1 southbound within the A605 junction,0.0008057791,,,,A1,52.5473706645715,-0.333880037476517,A1/6781/2,TMU Site 6781/2 on link A1 southbound within the A605 junction; GPS Ref: 513075;295693; Southbound,,2.0552016985138004,65.85987261146497,56.40501486199575,11.176462845010615,3.2159511677282375,21661.256900212313,1624.5886836518048,67.2545923566879,,,,,,,highway_mean
A11 northbound access from A505,-0.0001621616,-0.0030028,0.0,***,A11,52.1206170548863,0.216152876431167,A11/6312/1,TMU Site 6312/1 on link A11 northbound access from A505; GPS Ref: 551821;249237; Northbound,,2.0261096605744124,69.68668407310705,61.342772845953,8.864159268929503,2.3534099216710183,19161.164490861618,2243.8092167101827,45.34802349869452,,,,,,,highway_mean
A11 northbound between A1301 and A505,0.0042735017,,,,A11,52.1206165063961,0.216182065225777,A11/6312/2,TMU Site 6312/2 on link A11 northbound between A1301 and A505; GPS Ref: 551823;249237; Northbound,,2.0261096605744124,69.68668407310705,61.342772845953,8.864159268929503,2.3534099216710183,19161.164490861618,2243.8092167101827,45.34802349869452,,,,,,,highway_mean
A11 northbound between A1307 and A1304,0.0011352805,,,,A11,52.1674532031618,0.270787758321895,A11/6309/1,TMU Site 6309/1 on link A11 northbound between A1307 and A1304; GPS Ref: 555398;254561; Northbound,,2.0261096605744124,69.68668407310705,61.342772845953,8.864159268929503,2.3534099216710183,19161.164490861618,2243.8092167101827,45.34802349869452,,,,,,,highway_mean
A11 northbound between A14/A1304 and B1085 near Red Lodge (south),0.005247097,,,,A11,52.2817456214116,0.462738720846595,A11/9946/2,TMU Site 9946/2 on link A11 northbound between A14/A1304 and B1085 near Red Lodge (south); GPS Ref: 568092;267699; Northbound,,2.0261096605744124,69.68668407310705,61.342772845953,8.864159268929503,2.3534099216710183,19161.164490861618,2243.8092167101827,45.34802349869452,,,,,,,highway_mean
A11 northbound between B1085 near Red Lodge (south) and B1085 near Red Lodge (north),0.0064595765,,,,A11,52.2926609759471,0.473565865442377,A11/6317/1,TMU Site 6317/1 on link A11 northbound between B1085 near Red Lodge (south) and B1085 near Red Lodge (north); GPS Ref: 568789;268938; Northbound,,2.0261096605744124,69.68668407310705,61.342772845953,8.864159268929503,2.3534099216710183,19161.164490861618,2243.8092167101827,45.34802349869452,,,,,,,highway_mean
A11 southbound between A1304 and A1307,0.0041240943,,,,A11,52.1656430445391,0.267186041375163,A11/6310/1,TMU Site 6310/1 on link A11 southbound between A1304 and A1307; GPS Ref: 555158;254352; Southbound,,2.0261096605744124,69.68668407310705,61.342772845953,8.864159268929503,2.3534099216710183,19161.164490861618,2243.8092167101827,45.34802349869452,,,,,,,highway_mean
A11 southbound between A14 and A1304,0.00016388582,,,,A14,52.2189414319025,0.314392323241403,A14/6308/1,TMU Site 6308/1 on link A11 southbound between A14 and A1304; GPS Ref: 558197;260381; Southbound,,2.2111716621253406,70.0,61.754241144414166,7.304957765667575,2.1724114441416895,24210.298365122617,2106.115,50.134013623978205,,,,,,,highway_mean
A11 southbound between A505 and A1301,0.00037007272,-0.0022853,0.057,,A11,52.1204427963995,0.216334136139939,A11/6311/2,TMU Site 6311/2 on link A11 southbound between A505 and A1301; GPS Ref: 551834;249218; Southbound,,2.0261096605744124,69.68668407310705,61.342772845953,8.864159268929503,2.3534099216710183,19161.164490861618,2243.8092167101827,45.34802349869452,,,,,,,highway_mean
A11 southbound between B1085 near Red Lodge (south) and A14/A1304,0.0052045756,,,,A11,52.2814776862971,0.462650557566472,A11/9946/1,TMU Site 9946/1 on link A11 southbound between B1085 near Red Lodge (south) and A14/A1304; GPS Ref: 568087;267669; Southbound,,2.0261096605744124,69.68668407310705,61.342772845953,8.864159268929503,2.3534099216710183,19161.164490861618,2243.8092167101827,45.34802349869452,,,,,,,highway_mean
A11 southbound exit for A505,-0.00069328275,-0.0307199,0.0,***,A11,52.1204106334846,0.21661009141815,A11/6311/1,TMU Site 6311/1 on link A11 southbound exit for A505; GPS Ref: 551853;249215; Southbound,,2.0261096605744124,69.68668407310705,61.342772845953,8.864159268929503,2.3534099216710183,19161.164490861618,2243.8092167101827,45.34802349869452,,,,,,,highway_mean
A14 J35 eastbound exit,-0.010239504,,,,A14,52.2143117400452,0.213041258481643,A14/6314/1,TMU Site 6314/1 on link A14 J35 eastbound exit; GPS Ref: 551290;259650; Eastbound,,2.2111716621253406,70.0,61.754241144414166,7.304957765667575,2.1724114441416895,24210.298365122617,2106.115,50.134013623978205,,,,,,,highway_mean
A14 J35 westbound exit,-0.0018188189,,,,A14,52.2143550252892,0.219835860465625,A14/6313/1,TMU Site 6313/1 on link A14 J35 westbound exit; GPS Ref: 551754;259669; Westbound,,2.2111716621253406,70.0,61.754241144414166,7.304957765667575,2.1724114441416895,24210.298365122617,2106.115,50.134013623978205,,,,,,,highway_mean
A14 eastbound between J33 and J34,0.0016984852,,,,A14,52.233937218196,0.165761432565844,A14/30360856,TAME Site 30360856 on link A14 eastbound between J33 and J34; GPS Ref: 547995;261735; Eastbound,,2.2111716621253406,70.0,61.754241144414166,7.304957765667575,2.1724114441416895,24210.298365122617,2106.115,50.134013623978205,,,,,,,highway_mean
A14 eastbound within J20,0.0027664078,,,,A14,52.3343633966701,-0.296788367893114,A14/9934/2,TMU Site 9934/2 on link A14 eastbound within J20; GPS Ref: 516148;272061; Eastbound,,2.2111716621253406,70.0,61.754241144414166,7.304957765667575,2.1724114441416895,24210.298365122617,2106.115,50.134013623978205,,,,,,,highway_mean
A14 eastbound within J35,0.0028589205,,,,A14,52.2141579186931,0.213092163926169,A14/6314/2,TMU Site 6314/2 on link A14 eastbound within J35; GPS Ref: 551294;259633; Eastbound,,2.2111716621253406,70.0,61.754241144414166,7.304957765667575,2.1724114441416895,24210.298365122617,2106.115,50.134013623978205,,,,,,,highway_mean
A14 westbound between J34 and J33,0.0027964797,,,,A14,52.2338302163919,0.165712283892839,A14/30360857,TAME Site 30360857 on link A14 westbound between J34 and J33; GPS Ref: 547992;261723; Westbound,,2.2111716621253406,70.0,61.754241144414166,7.304957765667575,2.1724114441416895,24210.298365122617,2106.115,50.134013623978205,,,,,,,highway_mean
A14 westbound between J39 and J38,0.0027132875,,,,A14,52.2708900158268,0.443345276073377,A14/6306/2,TMU Site 6306/2 on link A14 westbound between J39 and J38; GPS Ref: 566810;266447; Westbound,,2.2111716621253406,70.0,61.754241144414166,7.304957765667575,2.1724114441416895,24210.298365122617,2106.115,50.134013623978205,,,,,,,highway_mean
A14 westbound within J20,0.0039580534,,,,A14,52.3342561936877,-0.296836516615257,A14/9934/1,TMU Site 9934/1 on link A14 westbound within J20; GPS Ref: 516145;272049; Westbound,,2.2111716621253406,70.0,61.754241144414166,7.304957765667575,2.1724114441416895,24210.298365122617,2106.115,50.134013623978205,,,,,,,highway_mean
A14 westbound within J35,0.0038065547,,,,A14,52.2144914317521,0.21975483134484,A14/6313/2,TMU Site 6313/2 on link A14 westbound within J35; GPS Ref: 551748;259684; Westbound,,2.2111716621253406,70.0,61.754241144414166,7.304957765667575,2.1724114441416895,24210.298365122617,2106.115,50.134013623978205,,,,,,,highway_mean
A14 westbound within J36,-0.00022503434,,,,A14,52.219079906736,0.31420919604937,A14/6308/2,TMU Site 6308/2 on A14 westbound within J36; GPS Ref: 558184;260396; Westbound,,2.2111716621253406,70.0,61.754241144414166,7.304957765667575,2.1724114441416895,24210.298365122617,2106.115,50.134013623978205,,,,,,,highway_mean
A428 eastbound at a minor junction between A1198 and A1303,0.0045967847,,,,A428,52.225247194143,-0.074721959687685,A428/7124/2,TMU Site 7124/2 on link A428 eastbound at a minor junction between A1198 and A1303; GPS Ref: 531600;260305; Eastbound,,1.702970297029703,67.02970297029702,57.935732673267324,11.599425742574256,2.381178217821782,11365.089108910892,2661.9943564356436,31.026564356435642,,,,,,,highway_mean
A428 eastbound between A1198 and A1303,0.0047708293,,,,A428,52.2286207455928,-0.085880621852453,A428/30360867,TAME Site 30360867 on link A428 eastbound between A1198 and A1303; GPS Ref: 530828;260660; Eastbound,,1.702970297029703,67.02970297029702,57.935732673267324,11.599425742574256,2.381178217821782,11365.089108910892,2661.9943564356436,31.026564356435642,,,,,,,highway_mean
A428 eastbound between A1303 and M11/A14,0.0070851594,,,,A428,52.2168327187425,0.029791383164467,A428/6818/2,TMU Site 6818/2 on link A428 eastbound between A1303 and M11/A14; GPS Ref: 538764;259564; Eastbound,,1.702970297029703,67.02970297029702,57.935732673267324,11.599425742574256,2.381178217821782,11365.089108910892,2661.9943564356436,31.026564356435642,,,,,,,highway_mean
A428 eastbound between B1043 and B1428,-0.0032649045,,,,A428,52.2098422755239,-0.259868767455208,A428/6999/1,TMU Site 6999/1 on link A428 eastbound between B1043 and B1428; GPS Ref: 518996;258272; Eastbound,,1.702970297029703,67.02970297029702,57.935732673267324,11.599425742574256,2.381178217821782,11365.089108910892,2661.9943564356436,31.026564356435642,,,,,,,highway_mean
A428 eastbound between B1428 and A1198,-0.008869219,,,,A428,52.2251313250425,-0.225083242855549,A428/6817/2,TMU Site 6817/2 on link A428 eastbound between B1428 and A1198; GPS Ref: 521331;260030; Eastbound,,1.702970297029703,67.02970297029702,57.935732673267324,11.599425742574256,2.381178217821782,11365.089108910892,2661.9943564356436,31.026564356435642,,,,,,,highway_mean
A428 eastbound exit at a minor junction between A1198 and A1303,-0.0047323275,-0.0038553,0.0,***,A428,52.2253807826823,-0.074642975403561,A428/7124/1,TMU Site 7124/1 on A428 eastbound exit at a minor junction between A1198 and A1303; GPS Ref: 531605;260320; Eastbound,,1.702970297029703,67.02970297029702,57.935732673267324,11.599425742574256,2.381178217821782,11365.089108910892,2661.9943564356436,31.026564356435642,,,,,,,highway_mean
A428 eastbound exit for A1303,-0.0016700547,-0.0053353,0.0,***,A428,52.2169954505472,0.029740238479781,A428/6818/1,TMU Site 6818/1 on link A428 eastbound exit for A1303; GPS Ref: 538760;259582; Eastbound,,1.702970297029703,67.02970297029702,57.935732673267324,11.599425742574256,2.381178217821782,11365.089108910892,2661.9943564356436,31.026564356435642,,,,,,,highway_mean
A428 westbound access from A1303,-0.0030386774,-0.0018612,0.0,***,A428,52.2168830916314,0.034697909376221,A428/6819/1,TMU Site 6819/1 on link A428 westbound access from A1303; GPS Ref: 539099;259579; Westbound,,1.702970297029703,67.02970297029702,57.935732673267324,11.599425742574256,2.381178217821782,11365.089108910892,2661.9943564356436,31.026564356435642,,,,,,,highway_mean
A428 westbound at a minor junction between A1303 and A1198,0.0051569254,,,,A428,52.224466785082,-0.068781790579404,A428/7125/2,TMU Site 7125/2 on link A428 westbound at a minor junction between A1303 and A1198; GPS Ref: 532008;260229; Westbound,,1.702970297029703,67.02970297029702,57.935732673267324,11.599425742574256,2.381178217821782,11365.089108910892,2661.9943564356436,31.026564356435642,,,,,,,highway_mean
A428 westbound between A1198 and B1428,-0.006761706,,,,A428,52.2250861740162,-0.225070401273625,A428/6817/1,TMU Site 6817/1 on link A428 westbound between A1198 and B1428; GPS Ref: 521332;260025; Westbound,,1.702970297029703,67.02970297029702,57.935732673267324,11.599425742574256,2.381178217821782,11365.089108910892,2661.9943564356436,31.026564356435642,,,,,,,highway_mean
A428 westbound between A1303 and A1198,-0.009247456,-0.0014101,0.0,***,A428,52.2285039339776,-0.085885642686932,A428/30360868,TAME Site 30360868 on link A428 westbound between A1303 and A1198; GPS Ref: 530828;260647; Westbound,,1.702970297029703,67.02970297029702,57.935732673267324,11.599425742574256,2.381178217821782,11365.089108910892,2661.9943564356436,31.026564356435642,,,,,,,highway_mean
A428 westbound between M11/A14 and A1303,0.0064516,,,,A428,52.217008877626,0.034703653785218,A428/6819/2,TMU Site 6819/2 on link A428 westbound between M11/A14 and A1303; GPS Ref: 539099;259593; Westbound,,1.702970297029703,67.02970297029702,57.935732673267324,11.599425742574256,2.381178217821782,11365.089108910892,2661.9943564356436,31.026564356435642,,,,,,,highway_mean
A428 westbound exit at a minor junction between A1303 and A1198,-0.0055500534,-0.0052997,0.0,***,A428,52.2243504533722,-0.068816116337392,A428/7125/1,TMU Site 7125/1 on link A428 westbound exit at a minor junction between A1303 and A1198; GPS Ref: 532006;260216; Westbound,,1.702970297029703,67.02970297029702,57.935732673267324,11.599425742574256,2.381178217821782,11365.089108910892,2661.9943564356436,31.026564356435642,,,,,,,highway_mean
A47 eastbound between A1139 and B1167 near Thorney (west),-0.016474564,,,,A47,52.611645738874,-0.188040069836956,A47/6351/1,TMU Site 6351/1 on A47 eastbound between A1139 and B1167 near Thorney (west); GPS Ref: 522784;303080; Eastbound,,1.5984615384615384,64.12307692307692,51.665018461538466,16.04339076923077,2.899443076923077,13384.193846153847,2050.6991846153846,58.87503538461539,,,,,,,highway_mean
A47 eastbound between A1260 and A15 near Peterborough (west),-0.005682192,,,,A47,52.5770568539132,-0.285853575150945,A47/6352/1,TMU Site 6352/1 on link A47 eastbound between A1260 and A15 near Peterborough (west); GPS Ref: 516253;299071; Eastbound,,1.5984615384615384,64.12307692307692,51.665018461538466,16.04339076923077,2.899443076923077,13384.193846153847,2050.6991846153846,58.87503538461539,,,,,,,highway_mean
A47 eastbound between B1040 and B1167 near Thorney (east),0.0064909696,,,,A47,52.6235936185247,-0.07901256884177,A47/7157/1,TMU Site 7157/1 on A47 eastbound between B1040 and B1167 near Thorney (east); GPS Ref: 530130;304600; Eastbound,,1.5984615384615384,64.12307692307692,51.665018461538466,16.04339076923077,2.899443076923077,13384.193846153847,2050.6991846153846,58.87503538461539,,,,,,,highway_mean
A47 eastbound between B1167 near Thorney (east) and A141,-0.0026454118,,,,A47,52.6106455449022,0.03146386066619,A47/6350/1,TMU Site 6350/1 on A47 eastbound between B1167 near Thorney (east) and A141; GPS Ref: 537648;303365; Eastbound,,1.5984615384615384,64.12307692307692,51.665018461538466,16.04339076923077,2.899443076923077,13384.193846153847,2050.6991846153846,58.87503538461539,,,,,,,highway_mean
A47 eastbound between B1167 near Thorney (west) and B1040,0.00093605893,,,,A47,52.6245855914777,-0.115005336426832,A47/5105/2,TMU Site 5105/2 on link A47 eastbound between B1167 near Thorney (west) and B1040; GPS Ref: 527691;304646; Eastbound,,1.5984615384615384,64.12307692307692,51.665018461538466,16.04339076923077,2.899443076923077,13384.193846153847,2050.6991846153846,58.87503538461539,,,,,,,highway_mean
A47 westbound between A1260 and A1,-0.0042194035,,,,A47,52.5844328193545,-0.407874162157131,A47/6604/1,TMU Site 6604/1 on link A47 westbound between A1260 and A1; GPS Ref: 507967;299702; Westbound,,1.5984615384615384,64.12307692307692,51.665018461538466,16.04339076923077,2.899443076923077,13384.193846153847,2050.6991846153846,58.87503538461539,,,,,,,highway_mean
A47 westbound between A15 near Peterborough (west) and A1260,0.0019768972,,,,A47,52.580434152253,-0.282519095531066,A47/6353/1,TMU Site 6353/1 on link A47 westbound between A15 near Peterborough (west) and A1260; GPS Ref: 516470;299452; Westbound,,1.5984615384615384,64.12307692307692,51.665018461538466,16.04339076923077,2.899443076923077,13384.193846153847,2050.6991846153846,58.87503538461539,,,,,,,highway_mean
A47 westbound between B1040 and B1167 near Thorney (west),0.0037018869,,,,A47,52.6245007318183,-0.114757809220393,A47/5105/1,TMU Site 5105/1 on link A47 westbound between B1040 and B1167 near Thorney (west); GPS Ref: 527708;304637; Westbound,,1.5984615384615384,64.12307692307692,51.665018461538466,16.04339076923077,2.899443076923077,13384.193846153847,2050.6991846153846,58.87503538461539,,,,,,,highway_mean
A47 westbound between B1167 near Thorney (east) and B1040,0.008117524,,,,A47,52.6241542375248,-0.084203551966424,A47/7156/1,TMU Site 7156/1 on A47 westbound between B1167 near Thorney (east) and B1040; GPS Ref: 529777;304653; Westbound,,1.5984615384615384,64.12307692307692,51.665018461538466,16.04339076923077,2.899443076923077,13384.193846153847,2050.6991846153846,58.87503538461539,,,,,,,highway_mean
A47 westbound between B198 near Wisbech (west) and A141,-0.0041138153,,,,A47,52.6367265298011,0.120385236183378,A47/6349/1,TMU Site 6349/1 on link A47 westbound between B198 near Wisbech (west) and A141; GPS Ref: 543583;306439; Westbound,,1.5984615384615384,64.12307692307692,51.665018461538466,16.04339076923077,2.899443076923077,13384.193846153847,2050.6991846153846,58.87503538461539,,,,,,,highway_mean
Cambourne Road northbound between A1198 and A428,-0.028395562,,,,Cambourne Road,52.2217279430183,-0.071755491592332,Cambourne Road/9996/2,TMU Site 9996/2 on link Cambourne Road northbound between A1198 and A428; GPS Ref: 531813;259919; Northbound,,,,,,,,,,,,,,,,no_match
Cambourne Road southbound between A428 and A1198,-0.027824445,,,,Cambourne Road,52.2218195123546,-0.070755937182054,Cambourne Road/9996/1,TMU Site 9996/1 on link Cambourne Road southbound between A428 and A1198; GPS Ref: 531881;259931; Southbound,,,,,,,,,,,,,,,,no_match
road from A11 southbound to A14 westbound,0.0033544346,,,,A14,52.2706974493189,0.44352524378954,A14/6306/1,TMU Site 6306/1 on link road from A11 southbound to A14 westbound; GPS Ref: 566823;266426; Westbound,,2.2111716621253406,70.0,61.754241144414166,7.304957765667575,2.1724114441416895,24210.298365122617,2106.115,50.134013623978205,,,,,,,highway_mean
